{"initial_reset_timestamp": 1610437043.1364284, "timestamps": [1610437054.6339896, 1610437057.8616114, 1610437058.5897758, 1610437060.448499, 1610437061.6539316, 1610437062.8559263, 1610437065.182299, 1610437066.3517566, 1610437067.1741998, 1610437068.9122043, 1610437076.9580042, 1610437079.1971898, 1610437083.032024, 1610437084.9290721, 1610437086.0679483, 1610437088.5957208, 1610437093.5619614, 1610437097.6397052, 1610437099.389963, 1610437099.7851207, 1610437102.4246209, 1610437111.1860638, 1610437113.992813, 1610437114.7173944, 1610437115.13475, 1610437124.7310922, 1610437127.8053381, 1610437128.3096738, 1610437129.0590923, 1610437129.7054644, 1610437136.9148276, 1610437137.76018, 1610437138.4305105, 1610437140.9725056, 1610437141.7916927, 1610437148.2799902, 1610437148.7906828, 1610437156.6184058, 1610437159.1931348, 1610437159.916091, 1610437162.464427, 1610437168.8622835, 1610437170.226618, 1610437171.5090854, 1610437172.2376616, 1610437173.5136755, 1610437177.597091, 1610437183.1795778, 1610437184.352487, 1610437185.1566632, 1610437192.3332884, 1610437193.190212, 1610437193.8532145, 1610437196.4098477, 1610437197.2801487, 1610437201.4077926, 1610437202.380827, 1610437208.3021054, 1610437208.881972, 1610437210.3055828, 1610437211.5965905, 1610437221.9206674, 1610437222.7338617, 1610437225.0063572, 1610437226.163173, 1610437228.7988803, 1610437236.3902085, 1610437238.6415696, 1610437239.3095188, 1610437240.8669288, 1610437242.2648635, 1610437248.8098507, 1610437249.9007304, 1610437252.6447105, 1610437255.4087703, 1610437256.6627557, 1610437263.4867585, 1610437266.0489037, 1610437267.3196876, 1610437268.2164435, 1610437270.7299962, 1610437279.5589817, 1610437280.2584295, 1610437281.6094773, 1610437282.030435, 1610437283.2805398, 1610437284.3451548, 1610437290.3508925, 1610437293.964052, 1610437295.5360909, 1610437299.312177, 1610437304.0358012, 1610437306.8322427, 1610437308.8560097, 1610437310.1731853, 1610437311.4369354, 1610437318.593411, 1610437319.1280189, 1610437320.253145, 1610437321.1088016], "episode_lengths": [1071, 335, 74, 207, 126, 129, 259, 132, 79, 182, 888, 252, 431, 208, 125, 275, 553, 458, 196, 45, 275, 982, 307, 79, 47, 1055, 342, 45, 78, 72, 796, 94, 74, 281, 91, 719, 51, 823, 268, 78, 275, 696, 153, 140, 81, 135, 459, 600, 129, 88, 796, 94, 74, 281, 91, 455, 107, 657, 62, 159, 135, 1143, 88, 252, 112, 275, 839, 250, 74, 172, 151, 717, 119, 302, 305, 135, 761, 288, 138, 100, 275, 982, 79, 149, 45, 135, 116, 678, 399, 174, 420, 432, 312, 222, 148, 135, 793, 59, 123, 95], "episode_rewards": [86.0, 53.0, 9.0, 99.0, 5.0, 3.0, 22.0, 13.0, 15.0, 132.0, 51.0, 15.0, 214.0, 20.0, 15.0, 8.0, 25.0, 238.0, 13.0, 4.0, 8.0, 97.0, 67.0, 28.0, 7.0, 78.0, 201.0, 4.0, 21.0, 21.0, 48.0, 9.0, 9.0, 40.0, 13.0, 32.0, 1.0, 116.0, 138.0, 15.0, 8.0, 44.0, 26.0, 9.0, 11.0, 4.0, 16.0, 197.0, 40.0, 20.0, 48.0, 9.0, 9.0, 40.0, 13.0, 36.0, 2.0, 57.0, 11.0, 35.0, 4.0, 100.0, 15.0, 141.0, 39.0, 8.0, 67.0, 44.0, 9.0, 116.0, 4.0, 34.0, 13.0, 40.0, 71.0, 4.0, 64.0, 230.0, 64.0, 8.0, 8.0, 97.0, 8.0, 40.0, 7.0, 4.0, 3.0, 30.0, 186.0, 126.0, 11.0, 14.0, 43.0, 45.0, 12.0, 4.0, 69.0, 8.0, 18.0, 19.0], "episode_types": ["t", "t", "t", "t", "t", "t", "t", "t", "t", "t", "t", "t", "t", "t", "t", "t", "t", "t", "t", "t", "t", "t", "t", "t", "t", "t", "t", "t", "t", "t", "t", "t", "t", "t", "t", "t", "t", "t", "t", "t", "t", "t", "t", "t", "t", "t", "t", "t", "t", "t", "t", "t", "t", "t", "t", "t", "t", "t", "t", "t", "t", "t", "t", "t", "t", "t", "t", "t", "t", "t", "t", "t", "t", "t", "t", "t", "t", "t", "t", "t", "t", "t", "t", "t", "t", "t", "t", "t", "t", "t", "t", "t", "t", "t", "t", "t", "t", "t", "t", "t"]}