{"cameraMode":{"drawMode":0,"name":"Shaded","section":"Shading Mode"},"sceneLighting":true,"audioPlay":false,"sceneViewState":{"showFog":true,"showMaterialUpdate":false,"showSkybox":true,"showFlares":true,"showImageEffects":true,"showParticleSystems":true},"in2DMode":false,"pivot":{"x":33.28678512573242,"y":2.982574701309204,"z":-16.988746643066408},"rotation":{"x":-0.659511923789978,"y":0.013979910872876645,"z":-0.012264683842658997,"w":-0.7514801025390625},"size":38.85211181640625,"orthographic":false}