{"cameraMode":{"drawMode":0,"name":"Shaded","section":"Shading Mode"},"sceneLighting":false,"audioPlay":false,"sceneViewState":{"showFog":true,"showMaterialUpdate":false,"showSkybox":false,"showFlares":true,"showImageEffects":true,"showParticleSystems":true},"in2DMode":false,"pivot":{"x":-0.07209889590740204,"y":-3.116809844970703,"z":-4.113821983337402},"rotation":{"x":-0.0011930965119972826,"y":0.897020697593689,"z":-0.4419836699962616,"w":-0.0024210065603256227},"size":22.266469955444337,"orthographic":false}