{"cameraMode":{"drawMode":0,"name":"Shaded","section":"Shading Mode"},"sceneLighting":true,"audioPlay":false,"sceneViewState":{"showFog":true,"showMaterialUpdate":false,"showSkybox":true,"showFlares":true,"showImageEffects":true,"showParticleSystems":true},"in2DMode":false,"pivot":{"x":-1.026814579963684,"y":-2.3020992279052736,"z":1.0513877868652344},"rotation":{"x":0.4987231492996216,"y":0.022093268111348153,"z":-0.012717830948531628,"w":0.8663904666900635},"size":15.879310607910157,"orthographic":false}