{"cameraMode":{"drawMode":0,"name":"Shaded","section":"Shading Mode"},"sceneLighting":false,"audioPlay":false,"sceneViewState":{"showFog":true,"showMaterialUpdate":false,"showSkybox":false,"showFlares":true,"showImageEffects":true,"showParticleSystems":true,"showVisualEffectGraphs":true,"m_FxEnabled":false},"in2DMode":false,"pivot":{"x":-0.2288762480020523,"y":1.0784882307052613,"z":3.327380657196045},"rotation":{"x":-0.013898267410695553,"y":0.9604235887527466,"z":-0.27389779686927798,"w":-0.048734381794929507},"size":0.8660255670547485,"orthographic":false}